Unnamed: 0,# items,# collections,Short name,First names,Surname,Sex,City of birth,Date of birth,City of death,Date of death,Collections,VIAF ID (https://viaf.org),Publisher CERL ID,Notes,Bibliography,Normalised date of birth,Normalised date of death,Earliest edition year,Relations
1,2761,451,"Cicero, Marcus Tullius",Marcus Tullius,Cicero,Male,Arpino,106 BCE,Gaeta,43 BCE,,http://viaf.org/viaf/78769600/,,,,-106,-43.0,1466,
2,1904,459,Horace (Quintus Horatius Flaccus),Quintus Horatius Flaccus,Horatius,Male,Venosa,65 BCE,Roma,8 BCE,,http://viaf.org/viaf/100227522/,,,,-65,-8.0,1408,
3,1892,466,Virgil (Vergilius Maro),Publius Vergilius Maro,Virgil,Male,Mantova,70 BCE,Brindisi,19 BCE,,http://viaf.org/viaf/307499318/,,,,-70,-19.0,1016,
4,1650,477,"Ovid, Publius Naso",Publius Ovidius Naso,Ovidius,Male,Sulmona,43 BCE,,17,,http://viaf.org/viaf/88342447/,,died Tomis (modern Romania),,-43,17.0,1084,
5,1185,399,Terence (Publius Terentius Afer),Publius  Afer,Terentius,Male,Carthage,c. 190 BCE,,159 BCE,,http://viaf.org/viaf/66462384/,,,,-190,-159.0,1477,
6,1049,418,"Tacitus, Publius Cornelius",Publius Cornelius,Tacitus,Male,,c. 56,,117,,http://viaf.org/viaf/100226923/,,,,56,117.0,1497,
7,870,263,Aristotle,-,Aristotle,Male,,384 BCE,,322 BCE,,http://viaf.org/viaf/268271999/,,,,-384,-322.0,1472,
8,861,355,Juvenal,Decimus Junius,Juvenalis,Male,,c. 55,,,,http://viaf.org/viaf/83985148/,,,,55,,1474,
9,841,381,Plutarch,Lucius Mestrius,Plutarch,Male,,c. 46,Delphi,c. 120,,http://viaf.org/viaf/268955446/,,born Chaeronea (Greece),,46,120.0,1468,
10,823,364,"Caesar, Gaius Julius",Gaius Julius,Caesar,Male,Roma,100 BCE,Roma,44 BCE,,http://viaf.org/viaf/17151776730618010858/,,,,-100,-44.0,1097,
11,750,263,Augustine of Hippo,Aurelius,Augustinus,Male,Thagaste (Souk Ahras),354,,430,,http://viaf.org/viaf/66806872/,,,,354,430.0,1459,
12,722,354,Livy (Titus Livius),Titus,Livius Patavinus,Male,Padova,c. 59 BCE,Padova,17,,http://viaf.org/viaf/99942145/,,,,-59,17.0,1422,
13,718,255,Justinian I (emperor),Flavius Petrus Sabbatius,Iustinianus Augustus,Male,Tauresium,482,Constantinople,565,,http://viaf.org/viaf/88881722/,,,,482,565.0,1475,
14,703,197,Hippocrates of Kos,Hippocrates,Hippocrates of Kos,Male,,c. 460 BCE,,c. 370 BCE,,http://viaf.org/viaf/287984736/,,,,-460,-370.0,1498,
15,692,318,Suetonius,Gaius,Suetonius Tranquilius,Male,,c. 70,,c. 140,,http://viaf.org/viaf/100218606/,,,,70,140.0,1470,
16,687,323,"Sallust, Gaius Crispus",Gaius Sallustius Crispus,Sallustius,Male,Amiternum,86 BCE,,35 BCE,,http://viaf.org/viaf/104162705/,,,,-86,-35.0,1478,
17,631,301,"Lucretius, Titus Carus",Titus Lucretius Carus,Lucretius,Male,,c. 98 BCE,,c. 55 BCE,,http://viaf.org/viaf/106388020/,,,,-98,-55.0,1480,
18,618,388,"Josephus, Flavius",Josephus,Flavius,Male,Jerusalem,c. 37,,c. 100,,http://viaf.org/viaf/22143666/,,,,37,100.0,1276,
19,617,306,Plautus,Titus Maccius,Plautus,Male,Sarsina,c. 254 BCE,Roma,c. 184 BCE,,http://viaf.org/viaf/66462281/,,,,-254,-184.0,1472,
20,579,263,Persius (Aulus Persius Flaccus),Aulus,Persius Flaccus,Male,Volterra,34,Roma,62,,http://viaf.org/viaf/100198157/,,,,34,62.0,1475,
21,569,270,Xenophon of Athens,Xenophon,-,Male,Athens,c. 430 BCE,,c. 354 BCE,,http://viaf.org/viaf/89597697/,,,,-430,-354.0,1511,
22,567,303,"Justin, Marcus Junianus",Marcus Junianus,Justinus Frontinus,Male,,fl. 2nd century,,,,http://viaf.org/viaf/24616821/,,,,150,,1472,
23,525,292,Lucian of Samosata,-,Lucian of Samosata,Male,Samosata,120,Athens,,,http://viaf.org/viaf/100218901/,,,,120,,1494,
24,507,256,"Martial, Marcus Valerius",Marcus Valerius,Martialis,Male,Calatayud,c. 40,Roma,c. 104,,http://viaf.org/viaf/8099277/,,,,40,104.0,1475,
25,501,278,Lucan (Marcus Annaeus Lucanus),Marcus Annaeus,Lucanus,Male,Córdoba,39,Roma,65,,http://viaf.org/viaf/100902938/,,,,39,65.0,1477,
26,489,266,"Florus, Lucius Annaeus",Lucius Annaeus,Florus,Male,,c. 74,,c. 130,,http://viaf.org/viaf/89604346/,,,,74,130.0,1499,
27,478,271,Cornelius Nepos,Cornelius,Nepos,Male,Ostiglia,c. 110 BCE,Roma,c. 25 BCE,,http://viaf.org/viaf/100219060/,,,,-110,-25.0,1561,
28,449,212,Demosthenes,-,Demosthenes,Male,Athens,384 BCE,,322 BCE,,http://viaf.org/viaf/268302412/,,,,-384,-322.0,1504,
29,448,246,"Phaedrus, Gaius Julius",Gaius Julius,Phaedrus,Male,,c. 15 BCE,,c. 50,,http://viaf.org/viaf/9034149544629300490003/,,,,-15,50.0,1588,
30,436,240,Epictetus,Epictetus,-,Male,Şar,c. 50,Nikopolis (Epirus),c. 130,,http://viaf.org/viaf/100218891/,,"born Hierapolis, Phrygia (present-day Pamukkale, Turkey)",,50,130.0,1535,
31,434,210,Sophocles,Sophocles,Sophocles,Male,,c. 495 BCE,Athens,c. 406 BCE,,http://viaf.org/viaf/101760867/,,,,-495,-406.0,1502,
32,425,230,"Catullus, Gaius Valerius",Gaius Valerius,Catullus,Male,Verona,c. 84 BCE,Roma,c. 54 BCE,,http://viaf.org/viaf/100218993/,,,,-84,-54.0,1486,
33,419,268,Theophrastus,Theophrastus,-,Male,Eresius,c. 371 BCE,Athens,c. 287 BCE,,http://viaf.org/viaf/265397758/,,,,-371,-287.0,1483,
34,401,226,"Quintilian, Marcus Fabius",Marcus Fabius,Quintilianus,Male,Calahorra,35,Roma,100,,http://viaf.org/viaf/34451872/,,,,35,100.0,1471,
35,390,210,Eusebius of Caesarea,Eusebius,of Caesarea,Male,Israel,c. 260,,c. 339,,http://viaf.org/viaf/300039919/,,born in or around Caesarea Maritima,,260,339.0,1474,
36,389,215,Aristophanes,Aristophanes,Aristophanes,Male,Athens,c. 445 BCE,,,,http://viaf.org/viaf/20962036/,,,,-445,,1492,
37,389,225,"Petronius Arbiter, Gaius",Gaius,Petronius Arbiter,Male,Marseille,c. 27,Como,66,,http://viaf.org/viaf/95155909/,,,,27,66.0,1565,
38,368,214,"Propertius, Sextus",Sextus,Propertius,Male,Assisi,c. 50 BCE,,c. 15 BCE,,http://viaf.org/viaf/100907186/,,,,-50,-15.0,1486,
39,343,217,Aesop,-,Aesop,Male,,c. 620 BCE,,,,http://viaf.org/viaf/64013451/,,,,-620,,1497,
40,342,181,Euripides,-,Euripides,Male,,480 BCE,,406 BCE,,http://viaf.org/viaf/9553153063127619320004/,,,,-480,-406.0,1503,
41,324,219,Velleius Paterculus,Marcus,Velleius Paterculus,Male,,c. 19 BCE,,c. 31,,http://viaf.org/viaf/100171160/,,,,-19,31.0,1468,
42,317,164,Pindar,-,Pindar,Male,,515 BCE,Argos,438 BCE,,http://viaf.org/viaf/100181310/,,,,-515,-438.0,1513,
43,285,196,Aulus Gellius,Aulus,Gellius,Male,Roma,c. 123,Roma,c. 180,,http://viaf.org/viaf/100198334/,,,,123,180.0,1440,
44,284,196,Polybius,-,Polybius,Male,Megalopolis,c. 208 BCE,,c. 125 BCE,,http://viaf.org/viaf/18152380130901762264/,,,,-208,-125.0,1358,
45,280,188,"Boethius, Anicius Manlius Severinus",Anicius Manlius Severinus,Boethius,Male,Roma,c. 480,Pavia,c. 524,,http://viaf.org/viaf/100218964/,,,,480,524.0,1476,
46,273,179,Apuleius,Lucius,Apuleius,Male,,c. 124,,c. 170,,http://viaf.org/viaf/337145858249023022819/,,"born Madauros (now M'Daourouch, Algeria)
also: Lucius Apuleius Madaurensis",,124,170.0,1488,
47,267,174,"Lactantius, Lucius Caecilius",Lucius Caecilius Firmianus,Lactantius,Male,Cirta (Constantine),c. 250,,c. 325,,http://viaf.org/viaf/100198064/,,,,250,325.0,1472,
48,254,156,"Tertullian, Quintus Septimius",Quintus Septimius Florens,Tertullian,Male,Carthage,c. 160,Carthage,c. 230,,http://viaf.org/viaf/257902368/,,,,160,230.0,1494,
49,245,156,Isocrates,-,Isocrates,Male,Athens,436 BCE,Athens,338 BCE,,http://viaf.org/viaf/36926979/,,,,-436,-338.0,1499,
50,241,159,"Aelian, Claudius",Claudius Praenestinus,Aelianus,Male,Palestrina,c. 175,,c. 235,,http://viaf.org/viaf/306342544/,,,,175,235.0,1513,
51,224,160,Claudian (Claudius Claudianus),Claudius,Claudianus,Male,Alexandria,370,Roma,404,,http://viaf.org/viaf/246763674/,,,,370,404.0,1495,
52,223,161,Marcus Aurelius Antoninus (emperor),Marcus Aurelius,Antoninus,Male,Roma,121,Serbia,180,,http://viaf.org/viaf/102895066/,,,,121,180.0,1559,
53,220,162,Diogenes Laërtius,Diogenes,Laërtius,Male,,fl. 230,,,,http://viaf.org/viaf/41839141/,,,,230,,1475,
54,213,143,"Longinus, Cassius Dionysius",Cassius Dionysius,Longinus,Male,,c. 213,,c. 273,,http://viaf.org/viaf/42634532/,,born Syria,,213,273.0,1569,
55,209,154,Herodian of Antioch,-,Herodian,Male,Antioche,c. 170,,c. 240,,http://viaf.org/viaf/87614586/,,,,170,240.0,1493,
56,204,114,John Chrysostom (saint),Johannes,Chrysostomus,Male,Antioche,c. 349,,407,,http://viaf.org/viaf/55640865/,,,,349,407.0,1525,
57,204,150,"Statius, Publius Papinus",Publius Papinus,Statius,Male,Napoli,c. 40,,c. 96,,http://viaf.org/viaf/26149542580800300424/,,,,40,96.0,1480,
58,202,139,Arrian of Nicomedia,Lucius Flavius,Arrianus,Male,Nicomedia (İzmit),c. 95,Athens,c. 175,,http://viaf.org/viaf/100192636/,,,,95,175.0,1535,
59,196,146,Appian of Alexandria,Appian of Alexandria,Appianus,Male,Alexandria,c. 100,Roma,c. 180,,http://viaf.org/viaf/100191271/,,,,100,180.0,1472,
60,192,147,Diodorus Siculus,Diodorus,Siculus,Male,,c. 90 BCE,,c. 30 BCE,,http://viaf.org/viaf/56608763/,,,,-90,-30.0,1476,
61,188,116,Aeschines,Aeschines,-,Male,Athens,389 BCE,Samos,314 BCE,,http://viaf.org/viaf/161234357/,,,,-389,-314.0,1504,
62,184,141,Sulpicius Severus,Sulpicius Severus,-,Male,Aquitaine,c. 363,,c. 420,,http://viaf.org/viaf/30332452/,,,,363,420.0,1448,
63,182,115,Origen,.,Origen,Male,Alexandria,c.185,,c.254,,http://viaf.org/viaf/95155322/,,,,185,254.0,1481,
64,178,133,"Ausonius, Decimus Magnus",Decimus Magnus,Ausonius,Male,Bordeaux,c. 310,,c. 395,,http://viaf.org/viaf/109786483/,,,,310,395.0,1501,
65,176,127,"Ptolemy, Claudius",Claudius,Ptolomeus,Male,,c. 100,Alexandria,c. 170,,http://viaf.org/viaf/312739422/,,,,100,170.0,1462,
66,165,92,Vitruvius,Marcus Vitruvius Pollio,Vitrubius,Male,,c. 90 BCE,,c. 20 BCE,,http://viaf.org/viaf/77586244/,,,,-90,-20.0,1486,
67,163,94,"Celsus, Aulus Cornelius",Aulus Cornelius,Celsus,Male,,29 BCE,,37,,http://viaf.org/viaf/100172872/,,,,-29,37.0,1493,
68,162,118,Cassius Dio,Lucius,Cassius Dio,Male,Nicaea,c. 155,,c. 235,,http://viaf.org/viaf/95167625/,,,,155,235.0,1074,
69,157,130,Pausanias,Pausanias,-,Male,,c. 110,,c. 180,,http://viaf.org/viaf/77132959/,,,,110,180.0,1498,
70,156,123,Eutropius,Flavius,Eutropius,Male,,fl. 360,,,,http://viaf.org/viaf/25396473/,,,,360,,1475,
71,155,115,Sappho,.,Sappho,Female,Lesbos,c. 630 BCE,Lesbos,c. 570 BCE,,http://viaf.org/viaf/78770488/,,,,-630,-570.0,1499,
72,155,118,Justin Martyr (saint),Justin Martyr (saint),-,Male,,c. 100,Roma,165,,http://viaf.org/viaf/88878069/,,,,100,165.0,1538,
73,150,82,"Galen, Claudius",Claudius,Galenus,Male,Pergame,c. 131,,c. 201,,http://viaf.org/viaf/44299175/,,,,131,201.0,1523,
74,147,103,Cyprian of Carthage (saint),Thascius Caecilius,Cyprianus,Male,Carthage,c. 200,Carthage,c. 258,,http://viaf.org/viaf/100179090/,,,,200,258.0,1525,
75,133,109,Ammianus Marcellinus,Ammianus,Marcellinus,Male,Antioche,c. 330,,c. 440,,http://viaf.org/viaf/7994149544621300490006/,,,,330,440.0,1474,
76,132,114,Strabo,Strabo,-,Male,Amasya,c. 64 BCE,,c. 24,,http://viaf.org/viaf/100219883/,,,,-64,24.0,1480,
77,125,105,Julian (emperor),Flavius Claudius Julianus,-,Male,Constantinople,331,,363,,http://viaf.org/viaf/57406701/,,"Julian the Apostate
died Frygium, Mesopotamia",,331,363.0,1566,
78,123,86,Iamblichus,-,Iamblichus,Male,,fl. 160,,,,http://viaf.org/viaf/41992412/,,,,160,,1497,
79,120,100,Aurelius Victor,Sextus,Aurelius Victor,Male,,c. 320,,c. 390,,http://viaf.org/viaf/64001057/,,,,320,390.0,1516,
80,118,103,"Prudentius, Aurelius",Aurelius,Prudentius Clemens,Male,Tarragona,348,,c. 405,,http://viaf.org/viaf/100010336/,,,,348,405.0,1501,
81,118,98,Hierocles of Alexandria,Hierocles of Alexandria,-,Male,Alexandria,fl. 430,,,,http://viaf.org/viaf/95295649/,,"He seems to have been banished from Alexandria and to have taken up his abode in Constantinople, where he gave such offence that he was thrown into prison.",,430,,1054,
82,109,92,Clement of Alexandria,Clement,Clement of Alexandria,Male,Athens,c. 150,Jerusalem,c. 215,,http://viaf.org/viaf/2653149544580200490007/,,,,150,215.0,1544,
83,108,86,Gregory of Nazianzus,Gregory of Nazianzus,-,Male,,c. 330,,c. 390,,http://viaf.org/viaf/108675755/,,,,330,390.0,1504,
84,106,91,Philo Judaeus,Philo,Judaeus,Male,Alexandria,c. 20 BCE,,c. 40,,http://viaf.org/viaf/307158263/,,,,-20,40.0,1513,
85,106,91,Athenaeus of Naucratis,-,Athenaeus of Naucratis,Male,Egypte,fl. 2nd century,,,,http://viaf.org/viaf/307168041/,,born Naucratis (Egypt),,150,,1514,
86,103,74,Moschus,Moschus,-,Male,Siracusa,fl. 150 BCE,,,,http://viaf.org/viaf/299323588/,,,,-150,,1555,
87,99,78,"Valerius Flaccus, Gaius",Gaius,Valerius Flaccus,Male,,c. 45,,c. 90,,http://viaf.org/viaf/100899421/,,,,45,90.0,1501,
88,99,71,"Terentius Varro, Marcus",Marcus,Terentius Varro,Male,Rieti,116 BCE,,27 BCE,,http://viaf.org/viaf/100219311/,,,,-116,-27.0,1476,
89,99,71,Theodoretus of Cyrrha,-,Theodoretus of Cyrrha,Male,Antioche,c. 393,,c. 466,,http://viaf.org/viaf/77111352/,,,,393,466.0,1535,
90,98,80,Philostratus (Flavius),Flavius,Philostratus,Male,,c. 175,Tyre,c. 246,,http://viaf.org/viaf/250889454/,,,,175,246.0,1497,
91,97,70,Apollonius of Rhodes,Apollonius,-,Male,,fl. 230,,,,http://viaf.org/viaf/100175273/,,,,230,,1073,
92,96,80,"Jerome, Eusebius Sophronius (saint )",Sophronius Eusebius,Hieronymus,Male,,c. 347,Bethlehem,c. 420,,http://viaf.org/viaf/95147024/,,"born at Stridon, a village near Emona on the border of Dalmatia and Pannonia",,347,420.0,1468,
93,96,89,"Vegetius, Publicus Flavius",Publicus Flavius Vegetius Renatus,Vegetius,Male,,c. 383,,c. 450,,http://viaf.org/viaf/163344563/,,,,383,450.0,1045,
94,94,73,Bion of Smyrna,Bion of Smyrna,-,Male,Smyrna (İzmir),c. 120 BCE,,57 BCE,,http://viaf.org/viaf/7476159477558427990005/,,,,-120,-57.0,1555,
95,94,73,"Frontinus, Sextus Julius",Sextus Julius,Frontinus,Male,,c. 40,,c. 103,,http://viaf.org/viaf/12349897/,,,,40,103.0,1496,
96,84,67,Lycophron of Chalcis,Lycophron of Chalcis,.,Male,,fl. 260 BCE,,,,http://viaf.org/viaf/68976194/,,,,-260,,1546,
97,84,62,Aphthonius of Antioch,Aphthonius,Aphthonius of Antioch,Male,Antioche,fl. 360,,,,http://viaf.org/viaf/265112315/,,,,360,,1549,
98,82,67,Procopius of Caesarea,Procopius of Caesarea,-,Male,,c. 500,Constantinople,c. 570,,http://viaf.org/viaf/100172302/,,native of Caesarea in the province of Palaestina Prima,,500,570.0,1506,
99,82,66,Basil of Caesarea,-,Basil of Caesarea,Male,Kayseri,c. 329,,379,,http://viaf.org/viaf/88967224/,,,,329,379.0,1490,
100,81,72,Maximus of Tyre,Maximus of Tyre,-,Male,Tyre,fl. 150,,,,http://viaf.org/viaf/100903442/,,,,150,,1517,
101,80,62,Pedanius Dioscorides,Pedanius,Dioscorides,Male,Anazarbus,c. 40,,c. 90,,http://viaf.org/viaf/78822798/,,,,40,90.0,1499,
102,78,54,Ignatius of Antioch (saint),Ignatius of Antioch,-,Male,,c. 35,,c. 108,,http://viaf.org/viaf/267432724/,,"Born Syria
Ἰγνάτιος Ἀντιοχείας, 
Ignátios Antiokheías; 
Ignatius Theophorus (Ιγνάτιος ὁ Θεοφόρος)
Ignatius Nurono",,35,108.0,1498,
103,75,61,Cato (the Elder),Marcus Porcius,Cato,Male,Toscolano Maderno,234 BCE,,149 BCE,,http://viaf.org/viaf/99852885/,,,,-234,-149.0,1488,
104,72,60,"Pollux, Julius",Julius,Pollux,Male,Egypte,180,,238,,http://viaf.org/viaf/2991030/,,born Naucratis,,180,238.0,1502,
105,69,47,Theophylact of Ohrid,Theophylact,-,Male,Chalkis,105,,,,http://viaf.org/viaf/69730041/,,"Theophylactus Achridensis (105.-11) (latin)
Theofýlaktos Boulgarías (105.-11..)
Θεοφύλακτος Βουλγαρίας (105.-11..)
Théophylacte d'Achrida (105.-11..)
Théophylacte de Bulgarie (105.-11..)
Théophylacte Héphaistos (105.-11..)
Theofulaktos Ahridos (105.-11..)
Theophylactus Achridensis (105.-11..)
Theophylactus de Achrida (105.-11..)
Theofýlaktos, ̓arhiepískopos ̓Ahrídōn kaì Boulgarías (105.-11..)
Θεοφύλακτος, ἀρχιεπίσκοπος Ἀχρίδων καὶ Βουλγαρίας (105.-11..)
Theophylact of Ochrid (105.-11..)
Teofilatto di Ocrida (105.-11..)",,105,,1524,
106,68,62,Zosimus,Zosimus,-,Male,,460,,520,,http://viaf.org/viaf/102333329/,,residence: Constantinope,,460,520.0,1531,
107,66,44,Proclus,-,Proclus,Male,Constantinople,412,Athens,485,,http://viaf.org/viaf/102369543/,,"Proclus Lycius , also called the Successor (",,412,485.0,1497,
108,64,61,Socrates Scholasticus,Socrates Scholasticus,-,Male,Constantinople,c. 380,,c. 450,,http://viaf.org/viaf/55571017/,,,,380,450.0,1539,
109,62,48,Archimedes of Syracuse,-,Archimedes,Male,Siracusa,c. 288 BCE,Siracusa,c. 212 BCE,,http://viaf.org/viaf/29547910/,,,,-288,-212.0,1543,
110,60,56,"Ambrosius, Aurelius (saint)",Aurelius,Ambrosius,Male,Trier,c. 340,Milano,c. 397,,http://viaf.org/viaf/100227669/,,,,340,397.0,1471,
111,55,48,Aurelius Cassiodorus,Flavius Magnus Aurelius,Cassiodorus Senator,Male,Squillace,c. 490,Viviers,c. 580,,http://viaf.org/viaf/95230707/,,,,490,580.0,1533,
112,54,49,"Festus, Sextus Pompeius",Sextus Pompeius,Festus,Male,,fl. 2nd century,,,,http://viaf.org/viaf/89123645/,,,,150,,1559,
113,54,43,Menander,.,Menander (of Athens),Male,,c. 342 BCE,,c. 292 BCE,,http://viaf.org/viaf/267889413/,,,,-342,-292.0,1553,
114,54,43,"Baculard d'Arnaud, François-Thomas-Marie de",François-Thomas-Marie de,Baculard d'Arnaud,Male,Paris,15-09-1718,Paris,09-11-1805,,http://viaf.org/viaf/95165197/,,,,12,10.0,1714,
115,54,51,Sextus Empiricus,Sextus Empiricus,-,Male,,c. 160,,c. 210,,http://viaf.org/viaf/60320706/,,,,160,210.0,1569,
116,54,40,Nonnus of Panopolis,Nonnus of Panopolis,-,Male,Akhmim,fl. 400,,,,http://viaf.org/viaf/61564416/,,born Panopolis (present-day Akhmim),,400,,1559,
117,50,39,"Harpocration, Valerius",Valerius,Harpocration,Male,,c. 150,,,,http://viaf.org/viaf/211435698/,,,,150,,1583,
118,50,48,"Sozomenus, Hermias",Hermias,Sozomenus,Male,,c. 400,,c. 450,,http://viaf.org/viaf/305409681/,,"born around 400 in Bethelia, a small town near Gaza",,400,450.0,1539,
119,49,44,Hesychius of Alexandria,Hesychius of Alexandria,-,Male,Alexandria,fl. 450,,,,http://viaf.org/viaf/21314508/,,,,450,,1514,
120,49,45,Censorinus,Censorinus,-,Male,,fl. 238,,,,http://viaf.org/viaf/195718548/,,,,238,,1493,
121,47,37,Salvianus,Salvianus,-,Male,Trier,c. 400,Marseille,c. 480,,http://viaf.org/viaf/236486362/,,"Salvian's birthplace is uncertain, but some scholars have suggested Cologne or Trier
also: Salvianus of Marseille",,400,480.0,1530,
122,47,43,Porphyry of Tyre,Porphyry of Tyre,-,Male,Tyre,c. 234,Roma,c. 305,,http://viaf.org/viaf/102333270/,,,,234,305.0,1505,
123,47,36,Gregory of Nyssa (saint),Gregory of Nyssa,-,Male,,c. 335,Neisse,c. 394,,http://viaf.org/viaf/103646160/,,,,335,394.0,1512,
124,47,39,Philemon Syracusanus,Philemon,Syracusanus,Male,,c. 360 BCE,,c. 263 BCE,,http://viaf.org/viaf/231019921/,,,,-360,-263.0,1700,
125,46,40,Leo the Great (Pope),Leo,-,Male,,c. 400,Roma,c. 461,,http://viaf.org/viaf/9875336/,,born in Tuscany,,400,461.0,1546,
126,45,34,Simplicius of Cilicia,Simplicius of Cilicia,-,Male,,c. 490,,c. 560,,http://viaf.org/viaf/71399875/,,,,490,560.0,1526,
127,45,35,Athenagoras of Athens,Athenagoras,-,Male,,c. 133,,c. 190,,http://viaf.org/viaf/106097488/,,,,133,190.0,1541,
128,45,41,"Orosius, Paulus",Paulus,Orosius,Male,Braga,c. 375,,4XX,,http://viaf.org/viaf/2479624/,,died after 418,,375,,1500,
129,44,35,Lysias,.,Lysias,Male,,c. 445 BCE,,c. 380 BCE,,http://viaf.org/viaf/183417170/,,,,-445,-380.0,1513,
130,44,37,Themistius,Themistius,-,Male,Paphlagon,317,Constantinople,c. 390,,http://viaf.org/viaf/100219934/,,,,317,390.0,1504,
131,43,24,Aretaeus of Cappadocia,-,Aretaeus of Cappadocia,Male,,fl. 130,,,,http://viaf.org/viaf/173472364/,,presumably a native or citizen of Cappadocia,,130,,1552,
132,43,37,"Seneca, Marcus / Lucius Annaeus (rhetor)",Lucius Annaeus,Seneca,Male,Córdoba,c. 55 BCE,,c. 37,,http://viaf.org/viaf/23497389/,,,,-55,37.0,1503,
133,42,37,Philostratus the Elder,-,Philostratus,Male,,c. 190,,c. 230,,http://viaf.org/viaf/72203785/,,,,190,230.0,1532,
134,42,39,Hilarius Pictaviensis,Hilarius Pictaviensis,-,Male,Poitiers,c. 315,Poitiers,367,,http://viaf.org/viaf/89595978,,,,315,367.0,1523,
135,42,39,"Symmachus, Quintus Aurelius",Quintus Aurelius,Symmachus,Male,Roma,c. 340,,405,,http://viaf.org/viaf/98247027/,,,,340,405.0,1398,
136,42,35,"Asconius Pedianus, Quintus",Quintus,Asconius Pedianus,Male,Padova,c. 9 BCE,Roma,c. 76,,http://viaf.org/viaf/85065079/,,,,-9,76.0,1519,
137,40,36,Oppian of Cilicia,Oppianus,-,Male,Anazarbus,fl. 2nd cent.,,,,http://viaf.org/viaf/225956084/,,often confused with Oppian of Syria,,150,,1549,
138,40,39,Polyaenus,-,Polyaenus,Male,,fl. 2nd c,,,,http://viaf.org/viaf/15564840/,,,,150,,1589,
139,39,35,"Ennius, Quintus",Quintus,Ennius,Male,Lecce,c. 239 BCE,,c. 169 BCE,,http://viaf.org/viaf/84976347/,,,,-239,-169.0,1590,
140,37,31,Fulgentius of Ruspe (saint),Fabius Claudius Gordianus,Fulgentius,Male,,467,,532,,http://viaf.org/viaf/102324857/,,"born Telepte (modern-day Medinet-el-Kedima), Tunisia
died Ruspe",,467,532.0,1565,
141,37,35,Julius Obsequens,Julius Obsequens,-,Male,,fl. 400,,,,http://viaf.org/viaf/100202247/,,,,400,,1508,
142,37,32,Synesius,Synesius,-,Male,,c. 373,,c. 413,,http://viaf.org/viaf/102323982/,,"boen Balagrae (now Bayda, Libya) near Cyrene",,373,413.0,1508,
143,36,31,Cyril of Jerusalem (saint),Cyril of Jerusalem,-,Male,,c. 315,Jerusalem,386,,http://viaf.org/viaf/2437490/,,"born possibly near Caesarea Maritima, Syria Palaestina (Modern-day Israel)",,315,386.0,1564,
144,35,33,Dio Chrysostom,Dio Chrysostom,-,Male,Bursa,c. 40,,c. 115,,http://viaf.org/viaf/100906841/,,Dion of Prusa or Dio Cocceianus,,40,115.0,1585,
145,35,31,Philostratus the Younger,-,Philostratus,Male,,c. 220,,03..,,http://viaf.org/viaf/14850802/,,,,220,350.0,1578,
146,34,25,Aratus Solaeus,Aratus,Solaeus,Male,,c. 315 BCE,Pella,c. 240 BCE,,http://viaf.org/viaf/100908520/,,born Soli,,-315,-240.0,1559,
147,32,27,Quintus Calaber,Quintus Calaber,-,Male,,fl. 4th century,,,,http://viaf.org/viaf/76294608/,,"also: Quintus of Smyrna, Kointos Smyrnaios",,350,,1504,
148,32,25,Cyril of Alexandria (saint),Cyril of Alexandria,-,Male,,c. 376,Alexandria,444,,http://viaf.org/viaf/190218431/,,"born Didouseya, Roman Egypt
(modern-day El-Mahalla El-Kubra)",,376,444.0,1514,
149,32,27,Antoninus Liberalis,Antoninus Liberalis,-,Male,,fl. c. 100-300,,,,http://viaf.org/viaf/251871635/,,,,200,,1568,
150,32,31,Sidonius Apollinaris,.,Gaius Sollius Modestus Apollinaris Sidonius,Male,Lyon,c.431,Clermont-Ferrand,c.489,,http://viaf.org/viaf/89203537/,,,,431,489.0,1498,
151,31,30,Epicurus,Epicurus,-,Male,Samos,341 BCE,Athens,270 BCE,,http://viaf.org/viaf/1763151778254618130009/,,,,-341,-270.0,1649,
152,30,28,Palaephatus,Palaephatus,-,Unknown,,fl. 4th century,,,,http://viaf.org/viaf/100181721/,,,,350,,1528,
153,28,26,"Avianus, Flavius",Flavius,Avianus,Male,,c. 4th C.,,c. 4th C.,,http://viaf.org/viaf/41836105/,,,,350,350.0,1545,
154,28,24,Prosper d'Aquitaine (saint),-,Prosper d'Aquitaine (saint),Male,,c. 390,,c. 455,,http://viaf.org/viaf/52485706/,,,,390,455.0,1539,
155,28,27,Nemesius of Emesa (bishop),Nemesius of Emesa,-,Male,Emesa,fl. 390,,,,http://viaf.org/viaf/42630277/,,,,390,,1538,
156,27,22,"Dreux du Radier, Jean-François",Jean-François,Dreux du Radier,Male,,10-05-1714,,01-03-1780,,http://viaf.org/viaf/24665106/,,,,7,2.0,1754,
157,27,25,Plotinus,-,Plotinus,Male,,205,,270,,http://viaf.org/viaf/108386765/,,,,205,270.0,1492,
158,27,22,"Firmicus Maternus, Julius",Julius,Firmicus Maternus,Male,,c. 300,,,,http://viaf.org/viaf/5015147967361884200009/,,lived in the reign of Constantine I (306 to 337 AD) and his successors,,300,,1499,
159,26,24,Aelianus Tacticus,Aelianus Tacticus,-,Male,,fl. 2nd century,,,,http://viaf.org/viaf/72639048/,,,,150,,1535,
160,26,25,Artemidorus Daldianus,Artemidorus,Daldianus,Male,,fl. 150,,,,http://viaf.org/viaf/61683125/,,,,150,,1518,
161,26,24,"Solinus, Gaius Julius",Gaius Julius,Solinus,Male,,fl. 250,,,,http://viaf.org/viaf/51672454/,,,,250,,1515,
162,25,24,Verrius Flaccus,Marcus,Verrius Flaccus,Male,Palestrina,c. 55 BCE,,c. 20,,http://viaf.org/viaf/13153593741251671199/,,,,-55,20.0,1559,
163,25,24,Nonius Marcellus,Nonius Marcellus,-,Male,,fl. 350,,,,http://viaf.org/viaf/59182520/,,,,350,,1476,
164,24,21,"Palladius, Rutilius Taurus Aemilianus",Rutilius Taurus Aemilianus,Palladius,Male,,fl. 400,,,,http://viaf.org/viaf/54143112/,,,,400,,1472,
165,24,23,Macarius of Egypt (saint),Macarius,-,Male,Egypte,300,,391,,http://viaf.org/viaf/93095832/,,,,300,391.0,1559,
166,23,23,Albinovanus Pedo,Albinovanus Pedo,-,Male,,fl. 10,,,,http://viaf.org/viaf/8826150033013511180002/,,friend of Ovid,,10,,1703,
167,23,22,Epiphanius (Saint),-,Epiphanius,Male,,c. 315,,403,,http://viaf.org/viaf/13651211/,,,,315,403.0,1544,
168,22,18,Oribasius,Oribasius,-,Male,,326,,403,,http://viaf.org/viaf/7440344/,,,,326,403.0,1544,
169,21,19,"Chrysologus, Petrus (saint)",Petrus,Chrysologus,Male,Imola,c. 400,Imola,c. 450,,http://viaf.org/viaf/71362351/,,,,400,450.0,1534,
170,20,19,"Rutilius Namatianus, Claudius",Claudius,Rutilius Namatianus,Male,Toulouse,fl. 400,,,,http://viaf.org/viaf/102333340/,,,,400,,1583,
171,20,20,Isidore of Pelusium (saint),-,Isidore of Pelusium,Male,,355,,440,,http://viaf.org/viaf/63872189/,,,,355,440.0,1586,
172,20,20,Diophantus of Alexandria,Diophantus of Alexandria,-,Male,Alexandria,c. 200,,c. 290,,http://viaf.org/viaf/276517028/,,,,200,290.0,1585,
173,20,20,Priscianus Caesariensis,Priscianus Caesariensis,-,Male,Cherchell,5th cent.,,6th cent.,,,,,,450,550.0,1476,
174,19,18,Apollinaris of Laodicea,Apollinaris of Laodicea,-,Male,Laodicea,c. 310,,c. 390,,http://viaf.org/viaf/261762494/,,"Évêque de Laodicée, Syrie (vers 360). - Théologien et poète. - A l'origine de la secte des apollinaristes. - Sa doctrine sur l'incarnation fut condamnée par le concile de Constantinople en 381",,310,390.0,1552,
175,19,16,Lucilius,Gaius,Lucilius,Male,,c. 180 BCE,,c. 102 BCE,,http://viaf.org/viaf/89131128/,,,,-180,-102.0,1579,
176,19,18,"Pfeffel, Christian Frédéric",Christian Frédéric,Pfeffel,Male,Colmar,03-10-1726,,20-03-1807,,http://viaf.org/viaf/49354470/,,,,6,11.0,1754,
177,18,18,Polycarp (saint),Polycarp,-,Male,,c. 69,Smyrna (İzmir),c. 155,,http://viaf.org/viaf/2475604/,,,,69,155.0,1498,
178,18,16,Eunapius,Eunapius,-,Male,Sardes,347,,420,,http://viaf.org/viaf/100215825/,,,,347,420.0,1516,
179,18,16,Caelius Aurelianus,Caelius Aurelianus,-,Male,,fl. 450,,,,http://viaf.org/viaf/102322199/,,,,450,,1529,
180,18,17,Philostorgius,Philostorgius,-,Male,,368,,433,,http://viaf.org/viaf/88747658,,"born in Borissus, Cappadocia (modern Turkey)",,368,433.0,1642,
181,16,15,Xenophon of Ephesus,Xenophon of Ephesus,-,Male,,fl. 2nd cent.,,,,http://viaf.org/viaf/83987541/,,,,150,,1716,
182,16,15,Demetrius Phalereus,Demetrius Phalereus,-,Male,Athens,c. 350 BCE,Egypte,c. 280 BCE,,http://viaf.org/viaf/22955539,,"boen Phalerum, an ancient port of Athens.",,-350,-280.0,1552,
183,16,13,Heron of Alexandria,Heron of Alexandria,-,Male,Alexandria,c. 10,,c. 70,,http://viaf.org/viaf/50151776733818010028/,,Heron Alexandrinus,,10,70.0,1572,
184,16,16,"Polynière, Pierre",Pierre,Polynière,Male,,08-09-1671,,09-02-1734,,http://viaf.org/viaf/74913454/,,,,8,5.0,1709,
185,16,16,Sallust (philosopher),Sallustius,-,Male,,fl. 4th century,,,,http://viaf.org/viaf/104162705/,,,,350,,1638,
186,15,13,Colluthus,Colluthus,-,Male,Lycopolis,fl. 500,,,,http://viaf.org/viaf/62351876/,,,,500,,1612,
187,15,15,Aemilius Probus,Aemilius Probus,-,Male,,fl. 4th century,,,,http://viaf.org/viaf/141499566/,,,,350,,1470,
188,14,13,pseudo-Scylax of Caryanda,pseudo-Scylax of Caryanda,-,Unknown,,fl. 330,,,,http://viaf.org/viaf/291988135/,,,,330,,1629,
189,13,10,Sextus Pomponius,Sextus Pomponius,-,Male,,fl. 150,,,,http://viaf.org/viaf/67261809/,,,,150,,1661,
190,12,10,Valerius Probus,Marcus,Valerius Probus,Male,Beirut,c. 20,,105,,http://viaf.org/viaf/90633449/,,M. Valerius Probus Berytius or Probus the Berytian,,20,105.0,1512,
191,11,11,Chariton Aphrodisiensis,Chariton,Chariton Aphrodisiensis,Male,,c. 100,,,,http://viaf.org/viaf/27062313/,,,,100,,1750,
192,11,10,"Bezout, Étienne",Étienne,Bezout,Male,Nemours,31-03-1730,Basses-Loges,27-09-1783,,http://viaf.org/viaf/76375563/,,,,17,18.0,1764,
193,10,8,Polemon of Laodicea,Marcus Antonius,Polemon of Laodicea,Male,Laodicea,c. 90,,c. 144,,http://viaf.org/viaf/79012427/,,"born Laodicea on the Lycus (now Eskihisar, Denizli, Turkey)",,90,144.0,1545,
194,10,10,Procopius of Gaza,Procopius of Gaza,-,Male,Gaza,c. 465,,c. 528,,http://viaf.org/viaf/48159479/,,,,465,528.0,1580,
195,10,7,Rufus of Ephesus,Rufus of Ephesus,-,Male,Ephesus,c. 70,,c. 110,,http://viaf.org/viaf/9952158070769008780003/,,,,70,110.0,1552,
196,10,10,"Sainte-Foix Arcq, Philippe-Auguste de",Philippe-Auguste de,Sainte-Foix Arcq,Male,Paris,12-07-1721,Paris,05-02-1795,,http://viaf.org/viaf/14883502/,,,,9,3.0,1753,
197,10,10,"Rutilius Lupus, Publius (rhetorician)",Publius,Rutilius Lupus,Male,,fl. 20,,,,http://viaf.org/viaf/100211635/,,,,20,,1540,
198,10,10,"Démeunier, Jean-Nicolas",Jean-Nicolas,Démeunier,Male,Nozeroy,15-03-1751,,07-02-1814,,http://viaf.org/viaf/46770347/,,,,9,4.0,1715,
199,9,9,Gregory Thaumaturgus (saint),Gregory Thaumaturgus,-,Male,,c. 213,,c. 270,,http://viaf.org/viaf/88726043/,,"boen in Neocaesarea (modern Niksar)
died Pontus (Anatolia)",,213,270.0,1604,
200,8,8,Alcinous,Alcinous,-,Male,,fl. 150,,,,http://viaf.org/viaf/301986016/,,,,150,,1572,
201,8,7,Hephaestion Alexandrinus,Hephaestion Alexandrinus,-,Male,Alexandria,fl. 150,,,,http://viaf.org/viaf/265864593/,,,,150,,1553,
202,8,8,Apollonius Dyscolus,Apollonius Dyscolus,-,Male,Alexandria,fl. 150,,,,http://viaf.org/viaf/111130260/,,Apollonius Alexandrinus,,150,,1535,
203,8,8,"Mercator, Marius",Marius,Mercator,Male,,c. 390,,after 451,,http://viaf.org/viaf/60905671/,,,,390,451.0,1673,
204,8,8,Theon of Smyrna,Theon of Smyrna,-,Male,Smyrna (İzmir),fl 100,,,,http://viaf.org/viaf/56588190/,,,,100,,1644,
205,8,8,Apollonius the Sophist,Apollonius the Sophist,-,Male,Alexandria,c. 100,,,,http://viaf.org/viaf/118025459/,,taught in Rome in the time of Tiberius.,,100,,1688,
206,7,7,Theodosius,-,Theodosius,Male,,fl. 1c BC,,,,,,,,50,,1707,
207,7,6,"Hozier, Charles-René d'",Charles-René d',Hozier,Male,,24-02-1640,,13-02-1732,,http://viaf.org/viaf/71392389/,,,,13,7.0,1634,
208,7,5,Publilius Syrus,Publilius Syrus,-,Male,,c. 90 BCE,,c. 40 BCE,,http://viaf.org/viaf/22130553/,,born Syria,,-90,-40.0,1610,
209,7,7,"Vauvenargues, Luc de Clapiers",Luc de,Clapiers Vauvenargues,Male,Aix-en-Provence,06-08-1715,Paris,28-05-1747,,http://viaf.org/viaf/64016636/,,,,7,16.0,1746,
210,7,7,Corinna,Corinna,-,Female,,fl. 5th cent. BCE,,,,http://viaf.org/viaf/7407161332389852420005/,,born Tanagra,,450,,1568,
211,6,6,"Ulpianus, Domitius",Domitius,Ulpianus,Male,,c. 160,,228,,http://viaf.org/viaf/100210035/,,,,160,228.0,1527,
212,6,6,"Ménard, Léon",Léon,Ménard,Male,Tarascon,12-09-1706,Paris,01-10-1767,,http://viaf.org/viaf/68932791/,,,,10,5.0,1743,
213,6,5,Ephrem the Syrian,Syrus,Ephrem,Male,Nusaybin,c. 306,Edessa,373,,http://viaf.org/viaf/100177778/,,,,306,373.0,1616,
214,6,6,Themistocles,Themistocles,-,Male,,c. 524 BCE,,c. 459 BCE,,,,born in the Attic deme of Phrearrhioi,,-524,-459.0,1620,
215,6,6,Onosander,Onodander,-,Male,,fl. 49,,,,http://viaf.org/viaf/285771738/,,,,49,,1599,
216,6,6,Praxilla of Sicyon,Praxilla of Sicyon,-,Female,Sicyone,fl. 5th cent. BCE,,,,http://viaf.org/viaf/44692841/,,,,450,,1568,
217,6,6,Iranaeus of Lyon (saint),Iraneus,-,Male,Smyrna (İzmir),c. 130,Lyon,c. 202,,http://viaf.org/viaf/70051641/,,bishop of Lyon,,130,202.0,1710,
218,6,6,Aelius Herodianus (grammarian),Aelius Herodianus,-,Male,Alexandria,c. 180,,c. 250,,http://viaf.org/viaf/88626271/,,Herodian,,180,250.0,1495,
219,5,5,Damasus I (Pope),Damasus,-,Male,,c. 305,Roma,384,,http://viaf.org/viaf/267405622/,,,,305,384.0,1672,
220,5,5,"Hurtaut, Pierre-Thomas-Nicolas",Pierre-Thomas-Nicolas,Hurtaut,Male,Paris,17-04-1719,Paris,05-05-1791,,http://viaf.org/viaf/69036462/,,,,10,5.0,1779,
221,5,4,"Boussanelle, Louis de",Louis de,Boussanelle,Male,,20-07-1720,Béziers,01-03-1788,,http://viaf.org/viaf/49563314/,,,,13,2.0,1758,
222,5,5,"Aubert, Jean-Louis (abbé)",Jean-Louis,Aubert,Male,,15-02-1731,,10-11-1814,,http://viaf.org/viaf/59116590/,,,,8,10.0,1756,
223,5,5,Nossis,Nossis,-,Female,,fl. 300 BCE,,,,,,,,-300,,1568,
224,4,3,"Festus, Rufus Sextus",Rufus Sextus,Festus,Male,,fl. 4th century,,,,http://viaf.org/viaf/79076696/,,,,350,,1560,
225,4,4,Sulpicia,Sulpicia,-,Female,,c. 50 BCE,,c. 1 BCE,,http://viaf.org/viaf/79413101/,,,,-50,-1.0,1585,
226,4,4,Aristarchus of Samos,Aristarchus of Samos,-,Male,Samos,c. 310 BCE,Alexandria,c. 230 BCE,,http://viaf.org/viaf/17144782942102632442/,,,,-310,-230.0,1562,
227,3,1,Ulfilas (bishop),Ulfilas,-,Male,,311,,383,,http://viaf.org/viaf/66477200/,,"Ulphilas
Orphila
Wulfila",,311,383.0,1671,
228,3,3,Babrius,Babrius,-,Male,,c. 100,,,,http://viaf.org/viaf/19646296/,,"Babrias (Βαβρίας) or Gabrias (Γαβρίας)
lived in the East, probably in Syria",,100,,1610,
229,3,3,Aeneas of Gaza,Aeneas of Gaza,-,Male,,c. 450,Gaza,c. 518,,http://viaf.org/viaf/85151247927244270006/,,,,450,518.0,1655,
230,3,3,"Mesnil-Durand, François-Jean de",François-Jean de,Mesnil-Durand,Male,,09-11-1729,,31-07-1799,,http://viaf.org/viaf/64125680/,,,,10,19.0,1755,
231,3,3,Quintus of Smyrna,Quintus of Smyrna,-,Male,Smyrna (İzmir),fl. 350,,,,http://viaf.org/viaf/822154381060730292426/,,,,350,,1800,
232,3,3,Hesychius of Jerusalem,Hesychius of Jerusalem,-,Male,,fl. 450,,,,http://viaf.org/viaf/262453640/,,,,450,,1563,
233,3,3,"Hesseln, Robert de",Robert de,Hesseln,Male,Foulquemont,21-03-1733,,,,http://viaf.org/viaf/66722879/,,,,12,,1771,
234,2,2,"Sacy, Claude-Louis-Michel de",Claude-Louis-Michel de,Sacy,Male,,27-03-1746,,15-10-1794,,http://viaf.org/viaf/7431477/,,,,15,12.0,1771,
235,2,2,"Mille, Antoine Étienne",Antoine Étienne,Mille,Male,,01-12-1735,,17..,,http://viaf.org/viaf/74199387/,,,,6,1750.0,1771,
236,2,2,"Drummond de Melfort, Louis Hector",Louis Hector,Drummond de Melfort,Male,,01-11-1722,,06-10-1788,,http://viaf.org/viaf/20573159/,,,,6,8.0,1776,
237,2,2,Benedict of Nursia (saint),Benedict of Nursia,-,Male,Norcia,c. 480,Montecassino,c. 543,,http://viaf.org/viaf/28147121748626392193/,,,,480,543.0,1689,
238,2,2,Coelius Sedulius,Caius Coelius,Sedulius,Male,,fl. 400,,,,http://viaf.org/viaf/537154380915430290267/,,,,400,,1789,
239,1,1,"Lydus, Johannes",Johannes,Lydus,Male,,0490,,0565?,,http://viaf.org/viaf/109213110/,,,,490,,1812,
240,1,1,"Brion, Charles de",Charles de,Brion,Male,Hautefontaine,13-11-1647,Paris,04-12-1728,,http://viaf.org/viaf/120721689/,,,,12,8.0,1720,
241,1,1,Eucherius of Lyon,-,Eucherius,Male,,370,,450,,http://viaf.org/viaf/90719515/,,,,370,450.0,1672,
242,1,1,Erinna,Erinna,-,Female,,4th cent. BCE,,,,,,,,350,,1568,
243,1,1,"Massieu, Guillaume",Guillaume,Massieu,Male,Caen,13-04-1665,Paris,26-09-1722,,http://viaf.org/viaf/73843977/,,,,8,17.0,1739,
244,1,1,Democritus,Democritus,-,Male,Abdera,c. 460 BCE,,c. 370 BCE,,http://viaf.org/viaf/49224361/,,,,-460,-370.0,1573,
245,0,0,Caesarius Arelatensis,_,Caesarius Arelatensis,Male,,c. 470,,542,,http://viaf.org/viaf/102305735/,,Bishop of Arles,,470,542.0,1760,
